from_location_id,to_location_id,distance_km,base_time_min,traffic_multiplier
DEPOT,LOC001,18.33,29.5,1.76
DEPOT,LOC002,7.01,12.5,1.19
DEPOT,LOC003,2.11,5.2,2.24
DEPOT,LOC004,13.7,22.6,1.8
DEPOT,LOC005,10.89,18.3,1.13
DEPOT,LOC006,15.26,24.9,1.14
DEPOT,LOC007,9.6,16.4,2.44
DEPOT,LOC008,10.93,18.4,2.04
DEPOT,LOC009,12.15,20.2,1.33
DEPOT,LOC010,16.13,26.2,2.2
DEPOT,LOC011,20.82,33.2,1.77
DEPOT,LOC012,16.69,27.0,2.45
DEPOT,LOC013,1.81,4.7,1.78
DEPOT,LOC014,11.56,19.3,1.08
DEPOT,LOC015,12.35,20.5,2.17
DEPOT,LOC016,12.22,20.3,1.16
DEPOT,LOC017,7.32,13.0,1.87
DEPOT,LOC018,11.49,19.2,1.91
DEPOT,LOC019,12.95,21.4,1.59
DEPOT,LOC020,6.02,11.0,1.03
DEPOT,LOC021,18.58,29.9,1.01
DEPOT,LOC022,7.41,13.1,1.8
DEPOT,LOC023,9.13,15.7,2.01
DEPOT,LOC024,11.21,18.8,1.39
DEPOT,LOC025,12.41,20.6,2.24
DEPOT,LOC026,4.39,8.6,1.01
DEPOT,LOC027,9.95,16.9,2.03
DEPOT,LOC028,8.39,14.6,2.37
DEPOT,LOC029,2.49,5.7,1.57
DEPOT,LOC030,8.66,15.0,2.34
DEPOT,LOC031,14.95,24.4,1.57
DEPOT,LOC032,6.02,11.0,1.79
DEPOT,LOC033,8.7,15.0,1.14
DEPOT,LOC034,8.53,14.8,1.4
DEPOT,LOC035,4.24,8.4,1.03
DEPOT,LOC036,13.35,22.0,1.91
DEPOT,LOC037,10.53,17.8,2.15
DEPOT,LOC038,5.33,10.0,1.32
DEPOT,LOC039,11.27,18.9,1.83
DEPOT,LOC040,9.22,15.8,1.51
LOC001,DEPOT,18.33,29.5,1.81
LOC001,LOC002,25.22,39.8,2.2
LOC001,LOC003,17.86,28.8,1.03
LOC001,LOC004,31.75,49.6,2.12
LOC001,LOC005,25.24,39.9,2.22
LOC001,LOC006,15.65,25.5,2.24
LOC001,LOC007,8.77,15.2,1.28
LOC001,LOC008,10.91,18.4,1.02
LOC001,LOC009,30.44,47.7,1.55
LOC001,LOC010,20.91,33.4,2.21
LOC001,LOC011,2.74,6.1,2.31
LOC001,LOC012,17.42,28.1,1.44
LOC001,LOC013,18.54,29.8,2.13
LOC001,LOC014,29.85,46.8,2.31
LOC001,LOC015,6.72,12.1,1.15
LOC001,LOC016,25.95,40.9,2.1
LOC001,LOC017,23.87,37.8,1.28
LOC001,LOC018,29.28,45.9,2.29
LOC001,LOC019,22.57,35.9,2.01
LOC001,LOC020,15.32,25.0,1.88
LOC001,LOC021,2.66,6.0,1.84
LOC001,LOC022,13.42,22.1,1.62
LOC001,LOC023,9.48,16.2,2.06
LOC001,LOC024,25.38,40.1,1.91
LOC001,LOC025,26.34,41.5,1.93
LOC001,LOC026,19.24,30.9,1.81
LOC001,LOC027,26.72,42.1,1.47
LOC001,LOC028,25.74,40.6,1.82
LOC001,LOC029,20.01,32.0,2.05
LOC001,LOC030,24.7,39.1,1.82
LOC001,LOC031,23.99,38.0,2.2
LOC001,LOC032,22.75,36.1,2.32
LOC001,LOC033,15.6,25.4,1.15
LOC001,LOC034,11.61,19.4,2.29
LOC001,LOC035,15.9,25.9,1.1
LOC001,LOC036,25.62,40.4,1.65
LOC001,LOC037,28.68,45.0,2.11
LOC001,LOC038,21.3,34.0,1.23
LOC001,LOC039,10.65,18.0,1.62
LOC001,LOC040,27.55,43.3,2.0
LOC002,DEPOT,7.01,12.5,2.05
LOC002,LOC001,25.22,39.8,1.27
LOC002,LOC003,7.45,13.2,2.0
LOC002,LOC004,6.71,12.1,1.85
LOC002,LOC005,11.35,19.0,2.11
LOC002,LOC006,19.11,30.7,2.28
LOC002,LOC007,16.57,26.9,1.05
LOC002,LOC008,16.63,26.9,1.16
LOC002,LOC009,5.96,10.9,2.34
LOC002,LOC010,17.94,28.9,1.27
LOC002,LOC011,27.76,43.6,1.51
LOC002,LOC012,20.01,32.0,1.18
LOC002,LOC013,6.72,12.1,1.72
LOC002,LOC014,5.37,10.1,2.13
LOC002,LOC015,19.36,31.0,1.39
LOC002,LOC016,12.72,21.1,1.25
LOC002,LOC017,4.36,8.5,1.69
LOC002,LOC018,4.75,9.1,1.75
LOC002,LOC019,15.94,25.9,2.45
LOC002,LOC020,11.07,18.6,1.47
LOC002,LOC021,25.58,40.4,2.1
LOC002,LOC022,12.99,21.5,2.5
LOC002,LOC023,16.14,26.2,1.12
LOC002,LOC024,8.73,15.1,2.27
LOC002,LOC025,9.67,16.5,1.81
LOC002,LOC026,8.72,15.1,1.9
LOC002,LOC027,4.95,9.4,2.1
LOC002,LOC028,6.14,11.2,1.27
LOC002,LOC029,5.27,9.9,1.07
LOC002,LOC030,5.43,10.1,1.42
LOC002,LOC031,14.88,24.3,2.38
LOC002,LOC032,6.68,12.0,2.14
LOC002,LOC033,14.5,23.8,2.48
LOC002,LOC034,15.38,25.1,2.15
LOC002,LOC035,9.76,16.6,2.44
LOC002,LOC036,11.65,19.5,1.19
LOC002,LOC037,3.52,7.3,1.19
LOC002,LOC038,7.65,13.5,1.14
LOC002,LOC039,18.02,29.0,1.65
LOC002,LOC040,2.99,6.5,1.29
LOC003,DEPOT,2.11,5.2,1.62
LOC003,LOC001,17.86,28.8,1.23
LOC003,LOC002,7.45,13.2,1.0
LOC003,LOC004,13.89,22.8,1.55
LOC003,LOC005,12.97,21.5,1.85
LOC003,LOC006,13.28,21.9,1.95
LOC003,LOC007,9.38,16.1,1.66
LOC003,LOC008,9.44,16.2,1.52
LOC003,LOC009,13.11,21.7,2.06
LOC003,LOC010,14.02,23.0,1.36
LOC003,LOC011,20.45,32.7,1.48
LOC003,LOC012,14.65,24.0,2.38
LOC003,LOC013,0.75,3.1,1.46
LOC003,LOC014,12.5,20.8,2.19
LOC003,LOC015,12.36,20.5,1.69
LOC003,LOC016,14.31,23.5,1.44
LOC003,LOC017,6.46,11.7,1.9
LOC003,LOC018,11.45,19.2,1.13
LOC003,LOC019,15.0,24.5,1.7
LOC003,LOC020,4.14,8.2,1.3
LOC003,LOC021,18.41,29.6,2.43
LOC003,LOC022,5.8,10.7,1.23
LOC003,LOC023,9.16,15.7,2.26
LOC003,LOC024,9.75,16.6,1.58
LOC003,LOC025,10.95,18.4,1.95
LOC003,LOC026,6.48,11.7,1.39
LOC003,LOC027,9.3,16.0,1.13
LOC003,LOC028,10.09,17.1,1.15
LOC003,LOC029,2.18,5.3,1.76
LOC003,LOC030,7.65,13.5,2.49
LOC003,LOC031,12.95,21.4,1.44
LOC003,LOC032,7.98,14.0,2.09
LOC003,LOC033,10.24,17.4,1.65
LOC003,LOC034,9.23,15.8,1.41
LOC003,LOC035,2.48,5.7,1.92
LOC003,LOC036,11.64,19.5,1.84
LOC003,LOC037,10.84,18.3,1.81
LOC003,LOC038,7.42,13.1,1.95
LOC003,LOC039,12.02,20.0,1.29
LOC003,LOC040,10.08,17.1,1.13
LOC004,DEPOT,13.7,22.6,1.87
LOC004,LOC001,31.75,49.6,2.04
LOC004,LOC002,6.71,12.1,1.09
LOC004,LOC003,13.89,22.8,1.53
LOC004,LOC005,15.63,25.4,1.87
LOC004,LOC006,23.76,37.6,2.08
LOC004,LOC007,23.19,36.8,2.49
LOC004,LOC008,22.52,35.8,2.38
LOC004,LOC009,5.08,9.6,2.37
LOC004,LOC010,21.23,33.8,1.27
LOC004,LOC011,34.34,53.5,2.34
LOC004,LOC012,24.23,38.3,1.91
LOC004,LOC013,13.21,21.8,1.78
LOC004,LOC014,5.08,9.6,1.42
LOC004,LOC015,26.03,41.0,1.34
LOC004,LOC016,16.77,27.2,1.4
LOC004,LOC017,8.5,14.8,1.92
LOC004,LOC018,2.71,6.1,1.29
LOC004,LOC019,21.09,33.6,1.01
LOC004,LOC020,17.0,27.5,1.88
LOC004,LOC021,32.22,50.3,2.17
LOC004,LOC022,19.0,30.5,1.68
LOC004,LOC023,22.81,36.2,1.75
LOC004,LOC024,10.45,17.7,1.31
LOC004,LOC025,10.72,18.1,2.42
LOC004,LOC026,15.09,24.6,1.64
LOC004,LOC027,6.26,11.4,2.39
LOC004,LOC028,10.32,17.5,2.4
LOC004,LOC029,11.75,19.6,1.82
LOC004,LOC030,8.41,14.6,2.34
LOC004,LOC031,17.09,27.6,2.18
LOC004,LOC032,12.31,20.5,1.45
LOC004,LOC033,20.93,33.4,1.86
LOC004,LOC034,22.08,35.1,2.46
LOC004,LOC035,15.98,26.0,1.62
LOC004,LOC036,13.09,21.6,2.27
LOC004,LOC037,3.2,6.8,1.66
LOC004,LOC038,13.63,22.4,1.17
LOC004,LOC039,24.7,39.1,1.57
LOC004,LOC040,5.6,10.4,1.11
LOC005,DEPOT,10.89,18.3,2.25
LOC005,LOC001,25.24,39.9,1.45
LOC005,LOC002,11.35,19.0,2.46
LOC005,LOC003,12.97,21.5,1.07
LOC005,LOC004,15.63,25.4,2.32
LOC005,LOC006,26.08,41.1,2.11
LOC005,LOC007,17.14,27.7,1.67
LOC005,LOC008,21.08,33.6,1.54
LOC005,LOC009,10.95,18.4,1.58
LOC005,LOC010,26.88,42.3,2.36
LOC005,LOC011,27.12,42.7,1.98
LOC005,LOC012,27.56,43.3,1.91
LOC005,LOC013,12.47,20.7,1.92
LOC005,LOC014,10.71,18.1,2.35
LOC005,LOC015,18.52,29.8,2.35
LOC005,LOC016,1.42,4.1,1.09
LOC005,LOC017,15.1,24.7,2.5
LOC005,LOC018,15.16,24.7,1.27
LOC005,LOC019,5.83,10.7,1.98
LOC005,LOC020,16.83,27.2,1.81
LOC005,LOC021,24.4,38.6,1.56
LOC005,LOC022,17.93,28.9,1.88
LOC005,LOC023,16.13,26.2,2.49
LOC005,LOC024,19.72,31.6,1.9
LOC005,LOC025,20.79,33.2,1.02
LOC005,LOC026,7.01,12.5,1.32
LOC005,LOC027,16.3,26.5,1.69
LOC005,LOC028,5.44,10.2,1.51
LOC005,LOC029,12.08,20.1,1.29
LOC005,LOC030,16.44,26.7,2.42
LOC005,LOC031,25.04,39.6,1.96
LOC005,LOC032,5.26,9.9,2.45
LOC005,LOC033,9.84,16.8,2.43
LOC005,LOC034,13.63,22.4,1.77
LOC005,LOC035,15.04,24.6,1.83
LOC005,LOC036,22.49,35.7,1.81
LOC005,LOC037,13.2,21.8,2.48
LOC005,LOC038,5.55,10.3,1.17
LOC005,LOC039,14.97,24.5,1.64
LOC005,LOC040,10.29,17.4,1.63
LOC006,DEPOT,15.26,24.9,1.2
LOC006,LOC001,15.65,25.5,2.42
LOC006,LOC002,19.11,30.7,2.11
LOC006,LOC003,13.28,21.9,1.55
LOC006,LOC004,23.76,37.6,1.35
LOC006,LOC005,26.08,41.1,1.61
LOC006,LOC007,13.1,21.7,1.15
LOC006,LOC008,6.51,11.8,2.17
LOC006,LOC009,25.05,39.6,2.17
LOC006,LOC010,5.47,10.2,1.95
LOC006,LOC011,18.14,29.2,1.97
LOC006,LOC012,1.96,4.9,1.42
LOC006,LOC013,13.91,22.9,1.9
LOC006,LOC014,24.47,38.7,2.15
LOC006,LOC015,15.29,24.9,1.83
LOC006,LOC016,27.36,43.0,1.55
LOC006,LOC017,15.44,25.2,2.34
LOC006,LOC018,21.06,33.6,2.3
LOC006,LOC019,26.93,42.4,1.83
LOC006,LOC020,9.26,15.9,2.48
LOC006,LOC021,17.87,28.8,2.19
LOC006,LOC022,8.35,14.5,2.38
LOC006,LOC023,14.06,23.1,2.23
LOC006,LOC024,14.03,23.0,1.06
LOC006,LOC025,14.45,23.7,2.16
LOC006,LOC026,19.18,30.8,2.42
LOC006,LOC027,17.52,28.3,2.47
LOC006,LOC028,23.28,36.9,2.22
LOC006,LOC029,14.82,24.2,1.74
LOC006,LOC030,15.35,25.0,2.23
LOC006,LOC031,9.61,16.4,1.01
LOC006,LOC032,21.25,33.9,1.54
LOC006,LOC033,20.28,32.4,1.16
LOC006,LOC034,16.61,26.9,2.2
LOC006,LOC035,11.04,18.6,1.94
LOC006,LOC036,12.72,21.1,1.17
LOC006,LOC037,21.55,34.3,1.06
LOC006,LOC038,20.55,32.8,1.79
LOC006,LOC039,18.46,29.7,2.14
LOC006,LOC040,22.1,35.2,2.15
LOC007,DEPOT,9.6,16.4,1.73
LOC007,LOC001,8.77,15.2,1.09
LOC007,LOC002,16.57,26.9,2.05
LOC007,LOC003,9.38,16.1,2.41
LOC007,LOC004,23.19,36.8,2.35
LOC007,LOC005,17.14,27.7,1.05
LOC007,LOC006,13.1,21.7,2.09
LOC007,LOC008,6.59,11.9,2.39
LOC007,LOC009,21.67,34.5,1.53
LOC007,LOC010,17.01,27.5,2.05
LOC007,LOC011,11.22,18.8,1.17
LOC007,LOC012,15.05,24.6,1.09
LOC007,LOC013,10.01,17.0,1.98
LOC007,LOC014,21.08,33.6,1.86
LOC007,LOC015,3.13,6.7,1.22
LOC007,LOC016,18.04,29.1,1.27
LOC007,LOC017,15.71,25.6,1.95
LOC007,LOC018,20.82,33.2,1.16
LOC007,LOC019,15.7,25.6,2.45
LOC007,LOC020,7.91,13.9,1.03
LOC007,LOC021,9.04,15.6,1.0
LOC007,LOC022,6.55,11.8,2.39
LOC007,LOC023,1.15,3.7,2.29
LOC007,LOC024,18.06,29.1,2.01
LOC007,LOC025,19.15,30.7,2.05
LOC007,LOC026,10.66,18.0,1.94
LOC007,LOC027,18.58,29.9,1.86
LOC007,LOC028,17.05,27.6,1.04
LOC007,LOC029,11.46,19.2,2.03
LOC007,LOC030,16.73,27.1,1.56
LOC007,LOC031,18.52,29.8,2.46
LOC007,LOC032,14.1,23.2,1.09
LOC007,LOC033,8.4,14.6,2.39
LOC007,LOC034,4.07,8.1,1.79
LOC007,LOC035,7.83,13.7,1.35
LOC007,LOC036,19.0,30.5,1.64
LOC007,LOC037,20.06,32.1,2.06
LOC007,LOC038,12.7,21.1,1.06
LOC007,LOC039,5.37,10.1,1.32
LOC007,LOC040,18.8,30.2,1.93
LOC008,DEPOT,10.93,18.4,2.05
LOC008,LOC001,10.91,18.4,1.93
LOC008,LOC002,16.63,26.9,1.92
LOC008,LOC003,9.44,16.2,1.7
LOC008,LOC004,22.52,35.8,1.79
LOC008,LOC005,21.08,33.6,1.67
LOC008,LOC006,6.51,11.8,1.51
LOC008,LOC007,6.59,11.9,1.2
LOC008,LOC009,22.47,35.7,1.67
LOC008,LOC010,10.76,18.1,2.34
LOC008,LOC011,13.63,22.4,1.89
LOC008,LOC012,8.46,14.7,2.44
LOC008,LOC013,10.18,17.3,2.16
LOC008,LOC014,21.87,34.8,1.1
LOC008,LOC015,8.93,15.4,1.57
LOC008,LOC016,22.24,35.4,1.07
LOC008,LOC017,14.11,23.2,2.16
LOC008,LOC018,19.86,31.8,2.06
LOC008,LOC019,21.07,33.6,1.24
LOC008,LOC020,5.57,10.4,2.36
LOC008,LOC021,12.6,20.9,2.24
LOC008,LOC022,3.65,7.5,1.51
LOC008,LOC023,7.56,13.3,1.23
LOC008,LOC024,14.75,24.1,1.25
LOC008,LOC025,15.61,25.4,1.26
LOC008,LOC026,14.08,23.1,2.48
LOC008,LOC027,16.8,27.2,1.13
LOC008,LOC028,19.32,31.0,2.47
LOC008,LOC029,11.5,19.2,2.49
LOC008,LOC030,14.63,23.9,1.75
LOC008,LOC031,13.17,21.8,1.78
LOC008,LOC032,16.8,27.2,1.25
LOC008,LOC033,14.1,23.2,1.48
LOC008,LOC034,10.2,17.3,2.03
LOC008,LOC035,6.97,12.5,1.79
LOC008,LOC036,14.74,24.1,1.59
LOC008,LOC037,19.74,31.6,1.28
LOC008,LOC038,15.78,25.7,2.24
LOC008,LOC039,11.95,19.9,1.73
LOC008,LOC040,19.43,31.1,1.6
LOC009,DEPOT,12.15,20.2,1.18
LOC009,LOC001,30.44,47.7,1.84
LOC009,LOC002,5.96,10.9,1.66
LOC009,LOC003,13.11,21.7,1.76
LOC009,LOC004,5.08,9.6,1.59
LOC009,LOC005,10.95,18.4,1.05
LOC009,LOC006,25.05,39.6,1.66
LOC009,LOC007,21.67,34.5,1.56
LOC009,LOC008,22.47,35.7,1.64
LOC009,LOC010,23.55,37.3,2.29
LOC009,LOC011,32.86,51.3,2.06
LOC009,LOC012,25.88,40.8,2.06
LOC009,LOC013,12.36,20.5,1.25
LOC009,LOC014,0.61,3.0,1.63
LOC009,LOC015,24.2,38.3,1.67
LOC009,LOC016,11.96,19.9,2.19
LOC009,LOC017,9.86,16.8,2.29
LOC009,LOC018,5.92,10.9,2.2
LOC009,LOC019,16.64,27.0,1.31
LOC009,LOC020,16.95,27.4,1.84
LOC009,LOC021,30.5,47.8,2.03
LOC009,LOC022,18.82,30.2,1.66
LOC009,LOC023,21.07,33.6,2.38
LOC009,LOC024,13.42,22.1,2.16
LOC009,LOC025,14.05,23.1,1.42
LOC009,LOC026,12.06,20.1,1.21
LOC009,LOC027,8.95,15.4,2.45
LOC009,LOC028,6.05,11.1,1.91
LOC009,LOC029,10.98,18.5,1.12
LOC009,LOC030,10.49,17.7,1.25
LOC009,LOC031,20.03,32.0,2.18
LOC009,LOC032,8.7,15.0,1.14
LOC009,LOC033,17.73,28.6,1.62
LOC009,LOC034,19.74,31.6,1.38
LOC009,LOC035,15.53,25.3,1.58
LOC009,LOC036,16.34,26.5,2.13
LOC009,LOC037,4.2,8.3,1.51
LOC009,LOC038,10.22,17.3,2.21
LOC009,LOC039,22.11,35.2,2.45
LOC009,LOC040,3.04,6.6,1.85
LOC010,DEPOT,16.13,26.2,1.46
LOC010,LOC001,20.91,33.4,2.34
LOC010,LOC002,17.94,28.9,1.19
LOC010,LOC003,14.02,23.0,1.74
LOC010,LOC004,21.23,33.8,1.26
LOC010,LOC005,26.88,42.3,1.64
LOC010,LOC006,5.47,10.2,2.05
LOC010,LOC007,17.01,27.5,1.53
LOC010,LOC008,10.76,18.1,1.25
LOC010,LOC009,23.55,37.3,1.16
LOC010,LOC011,23.48,37.2,1.93
LOC010,LOC012,4.31,8.5,1.6
LOC010,LOC013,14.44,23.7,1.73
LOC010,LOC014,23.02,36.5,1.52
LOC010,LOC015,19.64,31.5,1.56
LOC010,LOC016,28.26,44.4,2.02
LOC010,LOC017,13.71,22.6,2.5
LOC010,LOC018,18.65,30.0,2.26
LOC010,LOC019,28.84,45.3,1.92
LOC010,LOC020,10.85,18.3,1.74
LOC010,LOC021,23.0,36.5,1.92
LOC010,LOC022,10.95,18.4,1.65
LOC010,LOC023,17.78,28.7,1.71
LOC010,LOC024,10.82,18.2,2.17
LOC010,LOC025,10.84,18.3,2.16
LOC010,LOC026,20.47,32.7,1.61
LOC010,LOC027,15.04,24.6,1.54
LOC010,LOC028,23.13,36.7,1.72
LOC010,LOC029,14.86,24.3,1.26
LOC010,LOC030,13.13,21.7,2.21
LOC010,LOC031,4.81,9.2,1.26
LOC010,LOC032,21.71,34.6,1.36
LOC010,LOC033,22.94,36.4,2.01
LOC010,LOC034,19.91,31.9,1.17
LOC010,LOC035,12.42,20.6,2.15
LOC010,LOC036,8.66,15.0,2.01
LOC010,LOC037,19.61,31.4,1.12
LOC010,LOC038,21.38,34.1,2.2
LOC010,LOC039,22.16,35.2,2.06
LOC010,LOC040,20.85,33.3,1.37
LOC011,DEPOT,20.82,33.2,2.3
LOC011,LOC001,2.74,6.1,2.38
LOC011,LOC002,27.76,43.6,2.4
LOC011,LOC003,20.45,32.7,1.87
LOC011,LOC004,34.34,53.5,1.69
LOC011,LOC005,27.12,42.7,2.04
LOC011,LOC006,18.14,29.2,2.41
LOC011,LOC007,11.22,18.8,1.9
LOC011,LOC008,13.63,22.4,1.41
LOC011,LOC009,32.86,51.3,1.92
LOC011,LOC010,23.48,37.2,1.73
LOC011,LOC012,19.85,31.8,1.36
LOC011,LOC013,21.13,33.7,1.88
LOC011,LOC014,32.28,50.4,1.42
LOC011,LOC015,8.79,15.2,2.14
LOC011,LOC016,27.73,43.6,1.21
LOC011,LOC017,26.54,41.8,1.55
LOC011,LOC018,31.9,49.9,2.39
LOC011,LOC019,24.0,38.0,1.13
LOC011,LOC020,18.03,29.0,2.0
LOC011,LOC021,2.8,6.2,2.39
LOC011,LOC022,16.14,26.2,1.02
LOC011,LOC023,11.8,19.7,1.46
LOC011,LOC024,28.12,44.2,1.93
LOC011,LOC025,29.07,45.6,1.25
LOC011,LOC026,21.42,34.1,1.04
LOC011,LOC027,29.4,46.1,1.38
LOC011,LOC028,27.99,44.0,1.73
LOC011,LOC029,22.59,35.9,2.17
LOC011,LOC030,27.39,43.1,1.15
LOC011,LOC031,26.67,42.0,2.12
LOC011,LOC032,24.97,39.5,1.95
LOC011,LOC033,17.33,28.0,1.35
LOC011,LOC034,13.63,22.4,1.58
LOC011,LOC035,18.56,29.8,1.98
LOC011,LOC036,28.35,44.5,1.8
LOC011,LOC037,31.24,48.9,1.46
LOC011,LOC038,23.49,37.2,1.28
LOC011,LOC039,12.23,20.3,2.16
LOC011,LOC040,30.02,47.0,1.81
LOC012,DEPOT,16.69,27.0,2.36
LOC012,LOC001,17.42,28.1,1.63
LOC012,LOC002,20.01,32.0,2.17
LOC012,LOC003,14.65,24.0,1.64
LOC012,LOC004,24.23,38.3,2.4
LOC012,LOC005,27.56,43.3,2.33
LOC012,LOC006,1.96,4.9,2.13
LOC012,LOC007,15.05,24.6,2.04
LOC012,LOC008,8.46,14.7,1.72
LOC012,LOC009,25.88,40.8,1.1
LOC012,LOC010,4.31,8.5,2.05
LOC012,LOC011,19.85,31.8,1.2
LOC012,LOC013,15.23,24.8,1.83
LOC012,LOC014,25.32,40.0,1.94
LOC012,LOC015,17.25,27.9,1.15
LOC012,LOC016,28.87,45.3,2.11
LOC012,LOC017,16.11,26.2,1.55
LOC012,LOC018,21.55,34.3,2.39
LOC012,LOC019,28.65,45.0,1.61
LOC012,LOC020,10.76,18.1,1.3
LOC012,LOC021,19.7,31.6,1.94
LOC012,LOC022,10.07,17.1,1.68
LOC012,LOC023,16.0,26.0,1.05
LOC012,LOC024,14.15,23.2,1.64
LOC012,LOC025,14.42,23.6,2.3
LOC012,LOC026,20.74,33.1,1.34
LOC012,LOC027,17.96,28.9,1.42
LOC012,LOC028,24.5,38.8,1.16
LOC012,LOC029,16.02,26.0,1.76
LOC012,LOC030,15.86,25.8,2.33
LOC012,LOC031,8.94,15.4,1.96
LOC012,LOC032,22.63,35.9,1.88
LOC012,LOC033,22.11,35.2,1.2
LOC012,LOC034,18.52,29.8,1.13
LOC012,LOC035,12.53,20.8,2.39
LOC012,LOC036,12.46,20.7,2.45
LOC012,LOC037,22.21,35.3,1.22
LOC012,LOC038,22.01,35.0,1.91
LOC012,LOC039,20.4,32.6,2.17
LOC012,LOC040,23.0,36.5,1.69
LOC013,DEPOT,1.81,4.7,1.38
LOC013,LOC001,18.54,29.8,1.18
LOC013,LOC002,6.72,12.1,1.77
LOC013,LOC003,0.75,3.1,1.73
LOC013,LOC004,13.21,21.8,1.37
LOC013,LOC005,12.47,20.7,1.49
LOC013,LOC006,13.91,22.9,1.41
LOC013,LOC007,10.01,17.0,1.29
LOC013,LOC008,10.18,17.3,1.07
LOC013,LOC009,12.36,20.5,1.89
LOC013,LOC010,14.44,23.7,2.42
LOC013,LOC011,21.13,33.7,1.57
LOC013,LOC012,15.23,24.8,2.42
LOC013,LOC014,11.75,19.6,1.82
LOC013,LOC015,12.96,21.4,2.17
LOC013,LOC016,13.83,22.7,1.88
LOC013,LOC017,6.0,11.0,1.38
LOC013,LOC018,10.81,18.2,1.48
LOC013,LOC019,14.76,24.1,2.24
LOC013,LOC020,4.84,9.3,1.45
LOC013,LOC021,19.05,30.6,2.36
LOC013,LOC022,6.54,11.8,1.26
LOC013,LOC023,9.74,16.6,1.87
LOC013,LOC024,9.56,16.3,1.9
LOC013,LOC025,10.76,18.1,2.21
LOC013,LOC026,6.18,11.3,2.39
LOC013,LOC027,8.79,15.2,2.09
LOC013,LOC028,9.41,16.1,1.59
LOC013,LOC029,1.47,4.2,1.92
LOC013,LOC030,7.25,12.9,1.28
LOC013,LOC031,13.14,21.7,2.38
LOC013,LOC032,7.4,13.1,2.13
LOC013,LOC033,10.34,17.5,2.47
LOC013,LOC034,9.64,16.5,1.89
LOC013,LOC035,3.22,6.8,1.46
LOC013,LOC036,11.59,19.4,1.53
LOC013,LOC037,10.13,17.2,1.89
LOC013,LOC038,6.94,12.4,2.45
LOC013,LOC039,12.42,20.6,1.6
LOC013,LOC040,9.33,16.0,1.57
LOC014,DEPOT,11.56,19.3,2.38
LOC014,LOC001,29.85,46.8,2.03
LOC014,LOC002,5.37,10.1,2.06
LOC014,LOC003,12.5,20.8,1.85
LOC014,LOC004,5.08,9.6,2.16
LOC014,LOC005,10.71,18.1,2.35
LOC014,LOC006,24.47,38.7,1.05
LOC014,LOC007,21.08,33.6,1.29
LOC014,LOC008,21.87,34.8,1.07
LOC014,LOC009,0.61,3.0,2.19
LOC014,LOC010,23.02,36.5,1.96
LOC014,LOC011,32.28,50.4,2.43
LOC014,LOC012,25.32,40.0,1.75
LOC014,LOC013,11.75,19.6,2.11
LOC014,LOC015,23.62,37.4,1.27
LOC014,LOC016,11.78,19.7,1.9
LOC014,LOC017,9.32,16.0,1.05
LOC014,LOC018,5.64,10.5,1.59
LOC014,LOC019,16.35,26.5,2.28
LOC014,LOC020,16.34,26.5,1.22
LOC014,LOC021,29.92,46.9,1.77
LOC014,LOC022,18.21,29.3,1.77
LOC014,LOC023,20.49,32.7,2.32
LOC014,LOC024,12.97,21.5,1.29
LOC014,LOC025,13.64,22.5,1.38
LOC014,LOC026,11.54,19.3,1.87
LOC014,LOC027,8.52,14.8,2.48
LOC014,LOC028,5.67,10.5,1.86
LOC014,LOC029,10.37,17.6,2.24
LOC014,LOC030,9.99,17.0,1.13
LOC014,LOC031,19.55,31.3,1.2
LOC014,LOC032,8.23,14.3,1.29
LOC014,LOC033,17.24,27.9,1.67
LOC014,LOC034,19.19,30.8,2.17
LOC014,LOC035,14.92,24.4,1.17
LOC014,LOC036,15.9,25.9,2.09
LOC014,LOC037,3.82,7.7,1.1
LOC014,LOC038,9.73,16.6,2.23
LOC014,LOC039,21.57,34.4,2.49
LOC014,LOC040,2.44,5.7,2.04
LOC015,DEPOT,12.35,20.5,1.25
LOC015,LOC001,6.72,12.1,1.95
LOC015,LOC002,19.36,31.0,2.4
LOC015,LOC003,12.36,20.5,2.4
LOC015,LOC004,26.03,41.0,1.88
LOC015,LOC005,18.52,29.8,1.09
LOC015,LOC006,15.29,24.9,2.32
LOC015,LOC007,3.13,6.7,2.46
LOC015,LOC008,8.93,15.4,2.13
LOC015,LOC009,24.2,38.3,1.48
LOC015,LOC010,19.64,31.5,1.54
LOC015,LOC011,8.79,15.2,1.57
LOC015,LOC012,17.25,27.9,1.36
LOC015,LOC013,12.96,21.4,1.33
LOC015,LOC014,23.62,37.4,1.29
LOC015,LOC016,19.24,30.9,2.44
LOC015,LOC017,18.76,30.1,1.4
LOC015,LOC018,23.73,37.6,1.71
LOC015,LOC019,16.1,26.2,1.37
LOC015,LOC020,11.02,18.5,1.84
LOC015,LOC021,6.3,11.5,2.17
LOC015,LOC022,9.58,16.4,1.36
LOC015,LOC023,3.22,6.8,1.88
LOC015,LOC024,21.18,33.8,1.76
LOC015,LOC025,22.28,35.4,1.9
LOC015,LOC026,12.64,21.0,1.3
LOC015,LOC027,21.63,34.4,1.35
LOC015,LOC028,19.2,30.8,2.19
LOC015,LOC029,14.38,23.6,2.41
LOC015,LOC030,19.81,31.7,1.28
LOC015,LOC031,21.48,34.2,1.9
LOC015,LOC032,16.19,26.3,1.34
LOC015,LOC033,8.95,15.4,2.08
LOC015,LOC034,4.9,9.4,1.71
LOC015,LOC035,10.94,18.4,1.4
LOC015,LOC036,22.1,35.2,2.08
LOC015,LOC037,22.87,36.3,1.26
LOC015,LOC038,14.7,24.1,2.48
LOC015,LOC039,4.34,8.5,2.29
LOC015,LOC040,21.42,34.1,1.24
LOC016,DEPOT,12.22,20.3,2.47
LOC016,LOC001,25.95,40.9,2.43
LOC016,LOC002,12.72,21.1,1.15
LOC016,LOC003,14.31,23.5,1.54
LOC016,LOC004,16.77,27.2,1.63
LOC016,LOC005,1.42,4.1,1.67
LOC016,LOC006,27.36,43.0,2.44
LOC016,LOC007,18.04,29.1,1.92
LOC016,LOC008,22.24,35.4,1.59
LOC016,LOC009,11.96,19.9,1.37
LOC016,LOC010,28.26,44.4,1.96
LOC016,LOC011,27.73,43.6,1.2
LOC016,LOC012,28.87,45.3,2.43
LOC016,LOC013,13.83,22.7,1.05
LOC016,LOC014,11.78,19.7,1.09
LOC016,LOC015,19.24,30.9,2.2
LOC016,LOC017,16.51,26.8,1.65
LOC016,LOC018,16.43,26.6,1.6
LOC016,LOC019,5.31,10.0,2.1
LOC016,LOC020,18.12,29.2,1.48
LOC016,LOC021,24.98,39.5,2.04
LOC016,LOC022,19.16,30.7,1.62
LOC016,LOC023,17.0,27.5,1.89
LOC016,LOC024,21.13,33.7,2.26
LOC016,LOC025,22.19,35.3,2.08
LOC016,LOC026,8.21,14.3,1.58
LOC016,LOC027,17.67,28.5,1.94
LOC016,LOC028,6.73,12.1,1.76
LOC016,LOC029,13.47,22.2,1.6
LOC016,LOC030,17.85,28.8,1.95
LOC016,LOC031,26.45,41.7,1.17
LOC016,LOC032,6.67,12.0,1.78
LOC016,LOC033,10.4,17.6,2.37
LOC016,LOC034,14.4,23.6,1.67
LOC016,LOC035,16.34,26.5,1.09
LOC016,LOC036,23.9,37.9,1.92
LOC016,LOC037,14.45,23.7,2.34
LOC016,LOC038,6.89,12.3,2.35
LOC016,LOC039,15.52,25.3,1.79
LOC016,LOC040,11.53,19.3,1.88
LOC017,DEPOT,7.32,13.0,1.52
LOC017,LOC001,23.87,37.8,2.25
LOC017,LOC002,4.36,8.5,1.69
LOC017,LOC003,6.46,11.7,2.49
LOC017,LOC004,8.5,14.8,1.1
LOC017,LOC005,15.1,24.7,2.09
LOC017,LOC006,15.44,25.2,2.32
LOC017,LOC007,15.71,25.6,1.13
LOC017,LOC008,14.11,23.2,2.12
LOC017,LOC009,9.86,16.8,1.19
LOC017,LOC010,13.71,22.6,2.32
LOC017,LOC011,26.54,41.8,1.67
LOC017,LOC012,16.11,26.2,1.85
LOC017,LOC013,6.0,11.0,1.59
LOC017,LOC014,9.32,16.0,2.31
LOC017,LOC015,18.76,30.1,1.61
LOC017,LOC016,16.51,26.8,1.41
LOC017,LOC018,5.8,10.7,2.01
LOC017,LOC019,18.98,30.5,1.18
LOC017,LOC020,8.7,15.0,2.42
LOC017,LOC021,24.67,39.0,2.25
LOC017,LOC022,10.69,18.0,2.24
LOC017,LOC023,15.59,25.4,2.49
LOC017,LOC024,4.62,8.9,1.12
LOC017,LOC025,5.72,10.6,1.76
LOC017,LOC026,10.78,18.2,1.36
LOC017,LOC027,2.87,6.3,1.36
LOC017,LOC028,10.26,17.4,2.35
LOC017,LOC029,4.83,9.2,1.66
LOC017,LOC030,1.43,4.1,1.4
LOC017,LOC031,10.53,17.8,1.62
LOC017,LOC032,9.98,17.0,1.91
LOC017,LOC033,15.96,25.9,1.95
LOC017,LOC034,15.63,25.4,2.39
LOC017,LOC035,7.99,14.0,1.74
LOC017,LOC036,7.43,13.1,1.77
LOC017,LOC037,6.11,11.2,1.08
LOC017,LOC038,10.46,17.7,1.71
LOC017,LOC039,18.42,29.6,2.32
LOC017,LOC040,7.17,12.8,2.41
LOC018,DEPOT,11.49,19.2,1.9
LOC018,LOC001,29.28,45.9,1.37
LOC018,LOC002,4.75,9.1,2.39
LOC018,LOC003,11.45,19.2,1.36
LOC018,LOC004,2.71,6.1,1.31
LOC018,LOC005,15.16,24.7,2.2
LOC018,LOC006,21.06,33.6,2.47
LOC018,LOC007,20.82,33.2,1.04
LOC018,LOC008,19.86,31.8,1.55
LOC018,LOC009,5.92,10.9,1.45
LOC018,LOC010,18.65,30.0,1.7
LOC018,LOC011,31.9,49.9,2.39
LOC018,LOC012,21.55,34.3,2.43
LOC018,LOC013,10.81,18.2,1.19
LOC018,LOC014,5.64,10.5,1.6
LOC018,LOC015,23.73,37.6,1.41
LOC018,LOC016,16.43,26.6,1.74
LOC018,LOC017,5.8,10.7,1.43
LOC018,LOC019,20.26,32.4,2.48
LOC018,LOC020,14.37,23.6,2.42
LOC018,LOC021,29.86,46.8,1.94
LOC018,LOC022,16.38,26.6,1.42
LOC018,LOC023,20.51,32.8,2.2
LOC018,LOC024,7.98,14.0,1.24
LOC018,LOC025,8.41,14.6,2.14
LOC018,LOC026,13.46,22.2,1.07
LOC018,LOC027,3.62,7.4,2.21
LOC018,LOC028,9.72,16.6,1.51
LOC018,LOC029,9.36,16.0,2.31
LOC018,LOC030,5.71,10.6,2.18
LOC018,LOC031,14.67,24.0,1.77
LOC018,LOC032,11.12,18.7,1.02
LOC018,LOC033,19.24,30.9,1.07
LOC018,LOC034,19.99,32.0,2.1
LOC018,LOC035,13.43,22.1,1.35
LOC018,LOC036,10.76,18.1,2.35
LOC018,LOC037,2.0,5.0,2.43
LOC018,LOC038,12.26,20.4,2.29
LOC018,LOC039,22.68,36.0,2.34
LOC018,LOC040,4.91,9.4,1.06
LOC019,DEPOT,12.95,21.4,2.27
LOC019,LOC001,22.57,35.9,2.34
LOC019,LOC002,15.94,25.9,1.16
LOC019,LOC003,15.0,24.5,1.11
LOC019,LOC004,21.09,33.6,1.39
LOC019,LOC005,5.83,10.7,1.83
LOC019,LOC006,26.93,42.4,1.33
LOC019,LOC007,15.7,25.6,1.39
LOC019,LOC008,21.07,33.6,2.48
LOC019,LOC009,16.64,27.0,2.26
LOC019,LOC010,28.84,45.3,2.41
LOC019,LOC011,24.0,38.0,2.43
LOC019,LOC012,28.65,45.0,2.18
LOC019,LOC013,14.76,24.1,1.32
LOC019,LOC014,16.35,26.5,2.25
LOC019,LOC015,16.1,26.2,2.34
LOC019,LOC016,5.31,10.0,2.17
LOC019,LOC017,18.98,30.5,1.43
LOC019,LOC018,20.26,32.4,2.17
LOC019,LOC020,18.08,29.1,1.76
LOC019,LOC021,21.21,33.8,1.95
LOC019,LOC022,18.59,29.9,1.36
LOC019,LOC023,14.56,23.8,2.2
LOC019,LOC024,23.49,37.2,2.0
LOC019,LOC025,24.65,39.0,1.67
LOC019,LOC026,8.58,14.9,1.81
LOC019,LOC027,20.75,33.1,1.02
LOC019,LOC028,10.78,18.2,1.63
LOC019,LOC029,14.93,24.4,1.17
LOC019,LOC030,20.4,32.6,1.41
LOC019,LOC031,27.9,43.9,2.26
LOC019,LOC032,9.26,15.9,1.83
LOC019,LOC033,7.31,13.0,2.22
LOC019,LOC034,11.67,19.5,2.25
LOC019,LOC035,16.43,26.6,1.88
LOC019,LOC036,26.0,41.0,1.07
LOC019,LOC037,18.39,29.6,2.11
LOC019,LOC038,8.52,14.8,1.08
LOC019,LOC039,11.92,19.9,1.08
LOC019,LOC040,15.56,25.3,1.64
LOC020,DEPOT,6.02,11.0,1.74
LOC020,LOC001,15.32,25.0,2.39
LOC020,LOC002,11.07,18.6,1.13
LOC020,LOC003,4.14,8.2,1.68
LOC020,LOC004,17.0,27.5,1.83
LOC020,LOC005,16.83,27.2,2.34
LOC020,LOC006,9.26,15.9,1.98
LOC020,LOC007,7.91,13.9,2.3
LOC020,LOC008,5.57,10.4,1.87
LOC020,LOC009,16.95,27.4,1.77
LOC020,LOC010,10.85,18.3,2.05
LOC020,LOC011,18.03,29.0,1.27
LOC020,LOC012,10.76,18.1,1.81
LOC020,LOC013,4.84,9.3,2.21
LOC020,LOC014,16.34,26.5,1.36
LOC020,LOC015,11.02,18.5,1.66
LOC020,LOC016,18.12,29.2,1.24
LOC020,LOC017,8.7,15.0,1.5
LOC020,LOC018,14.37,23.6,2.37
LOC020,LOC019,18.08,29.1,1.47
LOC020,LOC021,16.39,26.6,1.33
LOC020,LOC022,2.0,5.0,1.93
LOC020,LOC023,8.21,14.3,1.73
LOC020,LOC024,10.23,17.3,1.07
LOC020,LOC025,11.29,18.9,1.56
LOC020,LOC026,9.98,17.0,2.26
LOC020,LOC027,11.49,19.2,1.09
LOC020,LOC028,14.23,23.3,1.33
LOC020,LOC029,6.03,11.0,1.67
LOC020,LOC030,9.4,16.1,1.59
LOC020,LOC031,11.06,18.6,2.21
LOC020,LOC032,12.03,20.0,1.17
LOC020,LOC033,12.13,20.2,1.01
LOC020,LOC034,9.57,16.4,1.32
LOC020,LOC035,1.78,4.7,1.29
LOC020,LOC036,11.11,18.7,1.76
LOC020,LOC037,14.18,23.3,1.52
LOC020,LOC038,11.29,18.9,1.15
LOC020,LOC039,12.17,20.3,1.6
LOC020,LOC040,13.9,22.9,1.01
LOC021,DEPOT,18.58,29.9,2.34
LOC021,LOC001,2.66,6.0,1.14
LOC021,LOC002,25.58,40.4,1.89
LOC021,LOC003,18.41,29.6,1.18
LOC021,LOC004,32.22,50.3,1.95
LOC021,LOC005,24.4,38.6,1.86
LOC021,LOC006,17.87,28.8,1.46
LOC021,LOC007,9.04,15.6,1.97
LOC021,LOC008,12.6,20.9,1.97
LOC021,LOC009,30.5,47.8,1.72
LOC021,LOC010,23.0,36.5,1.48
LOC021,LOC011,2.8,6.2,2.49
LOC021,LOC012,19.7,31.6,1.74
LOC021,LOC013,19.05,30.6,2.49
LOC021,LOC014,29.92,46.9,1.63
LOC021,LOC015,6.3,11.5,2.38
LOC021,LOC016,24.98,39.5,1.31
LOC021,LOC017,24.67,39.0,2.1
LOC021,LOC018,29.86,46.8,1.61
LOC021,LOC019,21.21,33.8,1.29
LOC021,LOC020,16.39,26.6,2.38
LOC021,LOC022,14.61,23.9,1.38
LOC021,LOC023,9.46,16.2,1.78
LOC021,LOC024,26.6,41.9,1.55
LOC021,LOC025,27.62,43.4,1.95
LOC021,LOC026,18.87,30.3,1.04
LOC021,LOC027,27.54,43.3,2.46
LOC021,LOC028,25.46,40.2,2.1
LOC021,LOC029,20.5,32.8,1.71
LOC021,LOC030,25.61,40.4,1.31
LOC021,LOC031,25.77,40.7,2.13
LOC021,LOC032,22.44,35.7,1.52
LOC021,LOC033,14.59,23.9,2.13
LOC021,LOC034,11.02,18.5,1.99
LOC021,LOC035,16.7,27.1,1.69
LOC021,LOC036,27.09,42.6,1.94
LOC021,LOC037,29.08,45.6,2.15
LOC021,LOC038,20.93,33.4,1.97
LOC021,LOC039,9.47,16.2,2.07
LOC021,LOC040,27.71,43.6,1.78
LOC022,DEPOT,7.41,13.1,2.21
LOC022,LOC001,13.42,22.1,2.08
LOC022,LOC002,12.99,21.5,1.77
LOC022,LOC003,5.8,10.7,1.83
LOC022,LOC004,19.0,30.5,1.07
LOC022,LOC005,17.93,28.9,2.34
LOC022,LOC006,8.35,14.5,1.7
LOC022,LOC007,6.55,11.8,2.4
LOC022,LOC008,3.65,7.5,1.8
LOC022,LOC009,18.82,30.2,1.88
LOC022,LOC010,10.95,18.4,2.31
LOC022,LOC011,16.14,26.2,1.52
LOC022,LOC012,10.07,17.1,2.5
LOC022,LOC013,6.54,11.8,2.33
LOC022,LOC014,18.21,29.3,1.61
LOC022,LOC015,9.58,16.4,2.09
LOC022,LOC016,19.16,30.7,1.78
LOC022,LOC017,10.69,18.0,1.88
LOC022,LOC018,16.38,26.6,2.33
LOC022,LOC019,18.59,29.9,2.42
LOC022,LOC020,2.0,5.0,1.9
LOC022,LOC021,14.61,23.9,2.04
LOC022,LOC023,7.08,12.6,1.72
LOC022,LOC024,12.0,20.0,1.44
LOC022,LOC025,13.0,21.5,2.07
LOC022,LOC026,10.94,18.4,1.28
LOC022,LOC027,13.48,22.2,2.09
LOC022,LOC028,15.78,25.7,1.9
LOC022,LOC029,7.85,13.8,2.3
LOC022,LOC030,11.37,19.1,2.15
LOC022,LOC031,11.99,20.0,1.76
LOC022,LOC032,13.38,22.1,2.4
LOC022,LOC033,12.13,20.2,1.99
LOC022,LOC034,8.96,15.4,1.62
LOC022,LOC035,3.33,7.0,1.68
LOC022,LOC036,12.58,20.9,1.23
LOC022,LOC037,16.15,26.2,2.43
LOC022,LOC038,12.48,20.7,2.18
LOC022,LOC039,11.33,19.0,1.22
LOC022,LOC040,15.78,25.7,1.69
LOC023,DEPOT,9.13,15.7,2.31
LOC023,LOC001,9.48,16.2,1.14
LOC023,LOC002,16.14,26.2,2.16
LOC023,LOC003,9.16,15.7,2.35
LOC023,LOC004,22.81,36.2,2.31
LOC023,LOC005,16.13,26.2,1.94
LOC023,LOC006,14.06,23.1,1.57
LOC023,LOC007,1.15,3.7,1.2
LOC023,LOC008,7.56,13.3,1.09
LOC023,LOC009,21.07,33.6,1.92
LOC023,LOC010,17.78,28.7,1.49
LOC023,LOC011,11.8,19.7,1.85
LOC023,LOC012,16.0,26.0,1.79
LOC023,LOC013,9.74,16.6,1.47
LOC023,LOC014,20.49,32.7,2.09
LOC023,LOC015,3.22,6.8,2.42
LOC023,LOC016,17.0,27.5,2.33
LOC023,LOC017,15.59,25.4,1.88
LOC023,LOC018,20.51,32.8,2.09
LOC023,LOC019,14.56,23.8,1.35
LOC023,LOC020,8.21,14.3,1.09
LOC023,LOC021,9.46,16.2,1.06
LOC023,LOC022,7.08,12.6,2.02
LOC023,LOC024,18.2,29.3,2.41
LOC023,LOC025,19.32,31.0,1.73
LOC023,LOC026,9.79,16.7,2.3
LOC023,LOC027,18.44,29.7,1.16
LOC023,LOC028,16.27,26.4,2.08
LOC023,LOC029,11.16,18.7,1.97
LOC023,LOC030,16.67,27.0,1.08
LOC023,LOC031,19.06,30.6,1.9
LOC023,LOC032,13.28,21.9,2.23
LOC023,LOC033,7.26,12.9,1.87
LOC023,LOC034,2.92,6.4,1.64
LOC023,LOC035,7.89,13.8,1.06
LOC023,LOC036,19.31,31.0,1.85
LOC023,LOC037,19.66,31.5,2.48
LOC023,LOC038,11.85,19.8,1.48
LOC023,LOC039,4.42,8.6,2.02
LOC023,LOC040,18.26,29.4,2.25
LOC024,DEPOT,11.21,18.8,1.44
LOC024,LOC001,25.38,40.1,1.17
LOC024,LOC002,8.73,15.1,2.2
LOC024,LOC003,9.75,16.6,2.49
LOC024,LOC004,10.45,17.7,1.3
LOC024,LOC005,19.72,31.6,1.55
LOC024,LOC006,14.03,23.0,2.49
LOC024,LOC007,18.06,29.1,2.47
LOC024,LOC008,14.75,24.1,2.3
LOC024,LOC009,13.42,22.1,1.52
LOC024,LOC010,10.82,18.2,2.41
LOC024,LOC011,28.12,44.2,1.08
LOC024,LOC012,14.15,23.2,2.38
LOC024,LOC013,9.56,16.3,2.19
LOC024,LOC014,12.97,21.5,2.44
LOC024,LOC015,21.18,33.8,1.93
LOC024,LOC016,21.13,33.7,1.67
LOC024,LOC017,4.62,8.9,1.17
LOC024,LOC018,7.98,14.0,2.39
LOC024,LOC019,23.49,37.2,2.38
LOC024,LOC020,10.23,17.3,1.81
LOC024,LOC021,26.6,41.9,1.89
LOC024,LOC022,12.0,20.0,1.59
LOC024,LOC023,18.2,29.3,2.08
LOC024,LOC025,1.21,3.8,2.39
LOC024,LOC026,15.12,24.7,1.78
LOC024,LOC027,4.48,8.7,1.55
LOC024,LOC028,14.8,24.2,2.49
LOC024,LOC029,8.8,15.2,2.23
LOC024,LOC030,3.31,7.0,2.06
LOC024,LOC031,6.69,12.0,1.37
LOC024,LOC032,14.59,23.9,2.45
LOC024,LOC033,19.89,31.8,2.23
LOC024,LOC034,18.85,30.3,1.88
LOC024,LOC035,10.32,17.5,2.04
LOC024,LOC036,2.96,6.4,1.75
LOC024,LOC037,9.25,15.9,1.28
LOC024,LOC038,15.0,24.5,2.28
LOC024,LOC039,21.64,34.5,2.39
LOC024,LOC040,11.18,18.8,2.27
LOC025,DEPOT,12.41,20.6,2.33
LOC025,LOC001,26.34,41.5,1.87
LOC025,LOC002,9.67,16.5,1.27
LOC025,LOC003,10.95,18.4,2.38
LOC025,LOC004,10.72,18.1,1.27
LOC025,LOC005,20.79,33.2,1.52
LOC025,LOC006,14.45,23.7,1.67
LOC025,LOC007,19.15,30.7,2.35
LOC025,LOC008,15.61,25.4,2.12
LOC025,LOC009,14.05,23.1,1.97
LOC025,LOC010,10.84,18.3,1.86
LOC025,LOC011,29.07,45.6,1.31
LOC025,LOC012,14.42,23.6,1.34
LOC025,LOC013,10.76,18.1,1.98
LOC025,LOC014,13.64,22.5,1.96
LOC025,LOC015,22.28,35.4,2.03
LOC025,LOC016,22.19,35.3,2.41
LOC025,LOC017,5.72,10.6,2.39
LOC025,LOC018,8.41,14.6,1.72
LOC025,LOC019,24.65,39.0,2.28
LOC025,LOC020,11.29,18.9,1.41
LOC025,LOC021,27.62,43.4,1.91
LOC025,LOC022,13.0,21.5,1.16
LOC025,LOC023,19.32,31.0,1.26
LOC025,LOC024,1.21,3.8,2.35
LOC025,LOC026,16.3,26.5,1.24
LOC025,LOC027,5.13,9.7,1.13
LOC025,LOC028,15.79,25.7,1.8
LOC025,LOC029,10.0,17.0,1.62
LOC025,LOC030,4.34,8.5,1.49
LOC025,LOC031,6.4,11.6,2.34
LOC025,LOC032,15.7,25.6,1.4
LOC025,LOC033,21.09,33.6,2.21
LOC025,LOC034,20.03,32.0,2.02
LOC025,LOC035,11.46,19.2,1.95
LOC025,LOC036,2.38,5.6,2.09
LOC025,LOC037,9.86,16.8,2.38
LOC025,LOC038,16.14,26.2,1.7
LOC025,LOC039,22.81,36.2,1.62
LOC025,LOC040,11.98,20.0,2.04
LOC026,DEPOT,4.39,8.6,1.1
LOC026,LOC001,19.24,30.9,2.46
LOC026,LOC002,8.72,15.1,2.2
LOC026,LOC003,6.48,11.7,1.49
LOC026,LOC004,15.09,24.6,1.69
LOC026,LOC005,7.01,12.5,1.34
LOC026,LOC006,19.18,30.8,1.87
LOC026,LOC007,10.66,18.0,2.43
LOC026,LOC008,14.08,23.1,2.37
LOC026,LOC009,12.06,20.1,2.02
LOC026,LOC010,20.47,32.7,1.02
LOC026,LOC011,21.42,34.1,2.46
LOC026,LOC012,20.74,33.1,1.24
LOC026,LOC013,6.18,11.3,1.58
LOC026,LOC014,11.54,19.3,2.31
LOC026,LOC015,12.64,21.0,2.02
LOC026,LOC016,8.21,14.3,2.36
LOC026,LOC017,10.78,18.2,2.3
LOC026,LOC018,13.46,22.2,2.09
LOC026,LOC019,8.58,14.9,1.01
LOC026,LOC020,9.98,17.0,1.15
LOC026,LOC021,18.87,30.3,1.12
LOC026,LOC022,10.94,18.4,1.78
LOC026,LOC023,9.79,16.7,1.03
LOC026,LOC024,15.12,24.7,2.39
LOC026,LOC025,16.3,26.5,2.3
LOC026,LOC027,12.97,21.5,1.24
LOC026,LOC028,6.6,11.9,2.0
LOC026,LOC029,6.39,11.6,1.38
LOC026,LOC030,12.21,20.3,1.18
LOC026,LOC031,19.31,31.0,1.68
LOC026,LOC032,3.57,7.4,1.72
LOC026,LOC033,5.84,10.8,1.89
LOC026,LOC034,7.88,13.8,1.47
LOC026,LOC035,8.22,14.3,1.96
LOC026,LOC036,17.5,28.2,2.26
LOC026,LOC037,11.96,19.9,2.07
LOC026,LOC038,2.07,5.1,1.34
LOC026,LOC039,10.07,17.1,1.08
LOC026,LOC040,9.7,16.5,2.23
LOC027,DEPOT,9.95,16.9,2.16
LOC027,LOC001,26.72,42.1,1.87
LOC027,LOC002,4.95,9.4,2.17
LOC027,LOC003,9.3,16.0,1.44
LOC027,LOC004,6.26,11.4,1.65
LOC027,LOC005,16.3,26.5,1.44
LOC027,LOC006,17.52,28.3,2.12
LOC027,LOC007,18.58,29.9,1.7
LOC027,LOC008,16.8,27.2,1.72
LOC027,LOC009,8.95,15.4,1.52
LOC027,LOC010,15.04,24.6,2.27
LOC027,LOC011,29.4,46.1,1.88
LOC027,LOC012,17.96,28.9,1.57
LOC027,LOC013,8.79,15.2,1.99
LOC027,LOC014,8.52,14.8,1.47
LOC027,LOC015,21.63,34.4,2.5
LOC027,LOC016,17.67,28.5,1.72
LOC027,LOC017,2.87,6.3,1.65
LOC027,LOC018,3.62,7.4,1.69
LOC027,LOC019,20.75,33.1,1.11
LOC027,LOC020,11.49,19.2,2.47
LOC027,LOC021,27.54,43.3,2.34
LOC027,LOC022,13.48,22.2,1.0
LOC027,LOC023,18.44,29.7,1.24
LOC027,LOC024,4.48,8.7,1.93
LOC027,LOC025,5.13,9.7,1.82
LOC027,LOC026,12.97,21.5,2.08
LOC027,LOC028,11.05,18.6,2.13
LOC027,LOC029,7.51,13.3,1.39
LOC027,LOC030,2.22,5.3,1.52
LOC027,LOC031,11.16,18.7,1.49
LOC027,LOC032,11.52,19.3,1.88
LOC027,LOC033,18.42,29.6,2.16
LOC027,LOC034,18.39,29.6,2.49
LOC027,LOC035,10.86,18.3,1.8
LOC027,LOC036,7.39,13.1,1.33
LOC027,LOC037,4.77,9.2,1.27
LOC027,LOC038,12.29,20.4,1.59
LOC027,LOC039,21.17,33.8,1.21
LOC027,LOC040,6.9,12.4,1.9
LOC028,DEPOT,8.39,14.6,2.39
LOC028,LOC001,25.74,40.6,1.59
LOC028,LOC002,6.14,11.2,2.16
LOC028,LOC003,10.09,17.1,1.34
LOC028,LOC004,10.32,17.5,2.26
LOC028,LOC005,5.44,10.2,1.26
LOC028,LOC006,23.28,36.9,2.36
LOC028,LOC007,17.05,27.6,1.06
LOC028,LOC008,19.32,31.0,1.72
LOC028,LOC009,6.05,11.1,1.14
LOC028,LOC010,23.13,36.7,1.25
LOC028,LOC011,27.99,44.0,1.98
LOC028,LOC012,24.5,38.8,1.91
LOC028,LOC013,9.41,16.1,1.93
LOC028,LOC014,5.67,10.5,1.32
LOC028,LOC015,19.2,30.8,2.49
LOC028,LOC016,6.73,12.1,1.08
LOC028,LOC017,10.26,17.4,1.54
LOC028,LOC018,9.72,16.6,2.16
LOC028,LOC019,10.78,18.2,1.78
LOC028,LOC020,14.23,23.3,1.39
LOC028,LOC021,25.46,40.2,2.42
LOC028,LOC022,15.78,25.7,1.24
LOC028,LOC023,16.27,26.4,1.65
LOC028,LOC024,14.8,24.2,1.52
LOC028,LOC025,15.79,25.7,1.65
LOC028,LOC026,6.6,11.9,1.3
LOC028,LOC027,11.05,18.6,1.01
LOC028,LOC029,8.48,14.7,1.64
LOC028,LOC030,11.49,19.2,2.16
LOC028,LOC031,20.64,33.0,1.83
LOC028,LOC032,3.03,6.5,2.31
LOC028,LOC033,11.91,19.9,2.17
LOC028,LOC034,14.48,23.7,1.86
LOC028,LOC035,12.52,20.8,1.05
LOC028,LOC036,17.68,28.5,1.1
LOC028,LOC037,7.76,13.6,2.3
LOC028,LOC038,4.56,8.8,1.38
LOC028,LOC039,16.59,26.9,1.84
LOC028,LOC040,4.85,9.3,1.08
LOC029,DEPOT,2.49,5.7,1.14
LOC029,LOC001,20.01,32.0,2.46
LOC029,LOC002,5.27,9.9,2.42
LOC029,LOC003,2.18,5.3,1.48
LOC029,LOC004,11.75,19.6,1.32
LOC029,LOC005,12.08,20.1,1.1
LOC029,LOC006,14.82,24.2,1.98
LOC029,LOC007,11.46,19.2,2.3
LOC029,LOC008,11.5,19.2,2.45
LOC029,LOC009,10.98,18.5,2.16
LOC029,LOC010,14.86,24.3,2.34
LOC029,LOC011,22.59,35.9,2.5
LOC029,LOC012,16.02,26.0,2.41
LOC029,LOC013,1.47,4.2,1.81
LOC029,LOC014,10.37,17.6,1.19
LOC029,LOC015,14.38,23.6,2.46
LOC029,LOC016,13.47,22.2,1.11
LOC029,LOC017,4.83,9.2,2.28
LOC029,LOC018,9.36,16.0,1.64
LOC029,LOC019,14.93,24.4,1.44
LOC029,LOC020,6.03,11.0,2.44
LOC029,LOC021,20.5,32.8,2.29
LOC029,LOC022,7.85,13.8,2.07
LOC029,LOC023,11.16,18.7,2.34
LOC029,LOC024,8.8,15.2,1.23
LOC029,LOC025,10.0,17.0,2.24
LOC029,LOC026,6.39,11.6,1.83
LOC029,LOC027,7.51,13.3,2.34
LOC029,LOC028,8.48,14.7,1.94
LOC029,LOC030,6.18,11.3,1.55
LOC029,LOC031,13.08,21.6,2.03
LOC029,LOC032,6.86,12.3,1.93
LOC029,LOC033,11.17,18.8,2.23
LOC029,LOC034,10.89,18.3,1.62
LOC029,LOC035,4.55,8.8,2.5
LOC029,LOC036,11.1,18.7,1.43
LOC029,LOC037,8.67,15.0,1.52
LOC029,LOC038,6.71,12.1,1.39
LOC029,LOC039,13.65,22.5,1.95
LOC029,LOC040,7.94,13.9,1.26
LOC030,DEPOT,8.66,15.0,1.42
LOC030,LOC001,24.7,39.1,2.22
LOC030,LOC002,5.43,10.1,2.01
LOC030,LOC003,7.65,13.5,1.77
LOC030,LOC004,8.41,14.6,2.17
LOC030,LOC005,16.44,26.7,1.76
LOC030,LOC006,15.35,25.0,1.51
LOC030,LOC007,16.73,27.1,2.43
LOC030,LOC008,14.63,23.9,1.64
LOC030,LOC009,10.49,17.7,2.49
LOC030,LOC010,13.13,21.7,1.68
LOC030,LOC011,27.39,43.1,1.26
LOC030,LOC012,15.86,25.8,1.87
LOC030,LOC013,7.25,12.9,2.4
LOC030,LOC014,9.99,17.0,2.26
LOC030,LOC015,19.81,31.7,2.45
LOC030,LOC016,17.85,28.8,1.27
LOC030,LOC017,1.43,4.1,1.27
LOC030,LOC018,5.71,10.6,1.65
LOC030,LOC019,20.4,32.6,2.06
LOC030,LOC020,9.4,16.1,2.08
LOC030,LOC021,25.61,40.4,1.8
LOC030,LOC022,11.37,19.1,2.08
LOC030,LOC023,16.67,27.0,1.1
LOC030,LOC024,3.31,7.0,1.12
LOC030,LOC025,4.34,8.5,1.52
LOC030,LOC026,12.21,20.3,2.47
LOC030,LOC027,2.22,5.3,1.8
LOC030,LOC028,11.49,19.2,1.16
LOC030,LOC029,6.18,11.3,2.27
LOC030,LOC031,9.59,16.4,1.75
LOC030,LOC032,11.37,19.1,1.36
LOC030,LOC033,17.34,28.0,1.81
LOC030,LOC034,16.87,27.3,1.25
LOC030,LOC035,8.92,15.4,2.42
LOC030,LOC036,6.22,11.3,2.11
LOC030,LOC037,6.48,11.7,1.29
LOC030,LOC038,11.88,19.8,1.57
LOC030,LOC039,19.66,31.5,1.84
LOC030,LOC040,8.02,14.0,1.51
LOC031,DEPOT,14.95,24.4,2.28
LOC031,LOC001,23.99,38.0,2.25
LOC031,LOC002,14.88,24.3,2.35
LOC031,LOC003,12.95,21.4,1.1
LOC031,LOC004,17.09,27.6,1.71
LOC031,LOC005,25.04,39.6,1.38
LOC031,LOC006,9.61,16.4,2.22
LOC031,LOC007,18.52,29.8,1.72
LOC031,LOC008,13.17,21.8,2.14
LOC031,LOC009,20.03,32.0,1.01
LOC031,LOC010,4.81,9.2,1.03
LOC031,LOC011,26.67,42.0,1.37
LOC031,LOC012,8.94,15.4,2.43
LOC031,LOC013,13.14,21.7,1.05
LOC031,LOC014,19.55,31.3,1.97
LOC031,LOC015,21.48,34.2,2.42
LOC031,LOC016,26.45,41.7,2.12
LOC031,LOC017,10.53,17.8,2.0
LOC031,LOC018,14.67,24.0,1.65
LOC031,LOC019,27.9,43.9,1.19
LOC031,LOC020,11.06,18.6,1.38
LOC031,LOC021,25.77,40.7,1.5
LOC031,LOC022,11.99,20.0,2.04
LOC031,LOC023,19.06,30.6,1.18
LOC031,LOC024,6.69,12.0,1.4
LOC031,LOC025,6.4,11.6,1.57
LOC031,LOC026,19.31,31.0,1.25
LOC031,LOC027,11.16,18.7,1.59
LOC031,LOC028,20.64,33.0,1.77
LOC031,LOC029,13.08,21.6,1.04
LOC031,LOC030,9.59,16.4,1.95
LOC031,LOC032,19.78,31.7,2.36
LOC031,LOC033,22.9,36.4,1.48
LOC031,LOC034,20.64,33.0,2.47
LOC031,LOC035,12.15,20.2,1.0
LOC031,LOC036,4.06,8.1,1.93
LOC031,LOC037,15.9,25.9,1.05
LOC031,LOC038,19.79,31.7,1.99
LOC031,LOC039,23.2,36.8,1.06
LOC031,LOC040,17.6,28.4,1.61
LOC032,DEPOT,6.02,11.0,1.25
LOC032,LOC001,22.75,36.1,1.7
LOC032,LOC002,6.68,12.0,1.02
LOC032,LOC003,7.98,14.0,1.5
LOC032,LOC004,12.31,20.5,2.39
LOC032,LOC005,5.26,9.9,1.25
LOC032,LOC006,21.25,33.9,1.94
LOC032,LOC007,14.1,23.2,1.04
LOC032,LOC008,16.8,27.2,1.77
LOC032,LOC009,8.7,15.0,2.24
LOC032,LOC010,21.71,34.6,1.84
LOC032,LOC011,24.97,39.5,1.02
LOC032,LOC012,22.63,35.9,1.84
LOC032,LOC013,7.4,13.1,1.57
LOC032,LOC014,8.23,14.3,1.09
LOC032,LOC015,16.19,26.3,1.49
LOC032,LOC016,6.67,12.0,1.19
LOC032,LOC017,9.98,17.0,1.48
LOC032,LOC018,11.12,18.7,1.85
LOC032,LOC019,9.26,15.9,1.44
LOC032,LOC020,12.03,20.0,1.35
LOC032,LOC021,22.44,35.7,1.61
LOC032,LOC022,13.38,22.1,1.06
LOC032,LOC023,13.28,21.9,1.36
LOC032,LOC024,14.59,23.9,2.5
LOC032,LOC025,15.7,25.6,1.98
LOC032,LOC026,3.57,7.4,2.18
LOC032,LOC027,11.52,19.3,2.42
LOC032,LOC028,3.03,6.5,1.69
LOC032,LOC029,6.86,12.3,1.71
LOC032,LOC030,11.37,19.1,2.16
LOC032,LOC031,19.78,31.7,1.01
LOC032,LOC033,9.03,15.5,1.86
LOC032,LOC034,11.45,19.2,1.63
LOC032,LOC035,10.26,17.4,1.94
LOC032,LOC036,17.3,28.0,2.47
LOC032,LOC037,9.36,16.0,1.86
LOC032,LOC038,1.55,4.3,1.13
LOC032,LOC039,13.58,22.4,2.45
LOC032,LOC040,6.73,12.1,2.43
LOC033,DEPOT,8.7,15.0,1.94
LOC033,LOC001,15.6,25.4,1.51
LOC033,LOC002,14.5,23.8,1.11
LOC033,LOC003,10.24,17.4,2.46
LOC033,LOC004,20.93,33.4,1.3
LOC033,LOC005,9.84,16.8,2.46
LOC033,LOC006,20.28,32.4,2.34
LOC033,LOC007,8.4,14.6,1.58
LOC033,LOC008,14.1,23.2,1.48
LOC033,LOC009,17.73,28.6,2.02
LOC033,LOC010,22.94,36.4,1.25
LOC033,LOC011,17.33,28.0,1.48
LOC033,LOC012,22.11,35.2,1.43
LOC033,LOC013,10.34,17.5,1.41
LOC033,LOC014,17.24,27.9,1.13
LOC033,LOC015,8.95,15.4,1.89
LOC033,LOC016,10.4,17.6,2.26
LOC033,LOC017,15.96,25.9,1.65
LOC033,LOC018,19.24,30.9,1.47
LOC033,LOC019,7.31,13.0,1.83
LOC033,LOC020,12.13,20.2,1.39
LOC033,LOC021,14.59,23.9,1.71
LOC033,LOC022,12.13,20.2,2.32
LOC033,LOC023,7.26,12.9,2.39
LOC033,LOC024,19.89,31.8,1.07
LOC033,LOC025,21.09,33.6,1.79
LOC033,LOC026,5.84,10.8,2.36
LOC033,LOC027,18.42,29.6,1.85
LOC033,LOC028,11.91,19.9,2.13
LOC033,LOC029,11.17,18.8,1.7
LOC033,LOC030,17.34,28.0,1.69
LOC033,LOC031,22.9,36.4,1.39
LOC033,LOC032,9.03,15.5,1.37
LOC033,LOC034,4.36,8.5,1.34
LOC033,LOC035,10.77,18.2,1.42
LOC033,LOC036,21.88,34.8,1.7
LOC033,LOC037,17.79,28.7,1.58
LOC033,LOC038,7.51,13.3,1.06
LOC033,LOC039,5.13,9.7,1.95
LOC033,LOC040,15.52,25.3,2.3
LOC034,DEPOT,8.53,14.8,2.11
LOC034,LOC001,11.61,19.4,1.82
LOC034,LOC002,15.38,25.1,1.34
LOC034,LOC003,9.23,15.8,1.12
LOC034,LOC004,22.08,35.1,2.37
LOC034,LOC005,13.63,22.4,1.8
LOC034,LOC006,16.61,26.9,1.18
LOC034,LOC007,4.07,8.1,1.43
LOC034,LOC008,10.2,17.3,1.16
LOC034,LOC009,19.74,31.6,1.33
LOC034,LOC010,19.91,31.9,2.32
LOC034,LOC011,13.63,22.4,2.08
LOC034,LOC012,18.52,29.8,1.71
LOC034,LOC013,9.64,16.5,1.91
LOC034,LOC014,19.19,30.8,2.02
LOC034,LOC015,4.9,9.4,2.2
LOC034,LOC016,14.4,23.6,2.17
LOC034,LOC017,15.63,25.4,2.04
LOC034,LOC018,19.99,32.0,2.18
LOC034,LOC019,11.67,19.5,1.27
LOC034,LOC020,9.57,16.4,2.21
LOC034,LOC021,11.02,18.5,1.01
LOC034,LOC022,8.96,15.4,1.17
LOC034,LOC023,2.92,6.4,1.6
LOC034,LOC024,18.85,30.3,1.03
LOC034,LOC025,20.03,32.0,1.53
LOC034,LOC026,7.88,13.8,2.31
LOC034,LOC027,18.39,29.6,2.5
LOC034,LOC028,14.48,23.7,1.12
LOC034,LOC029,10.89,18.3,2.31
LOC034,LOC030,16.87,27.3,1.43
LOC034,LOC031,20.64,33.0,2.03
LOC034,LOC032,11.45,19.2,2.22
LOC034,LOC033,4.36,8.5,1.71
LOC034,LOC035,8.72,15.1,1.76
LOC034,LOC036,20.35,32.5,1.93
LOC034,LOC037,18.88,30.3,2.33
LOC034,LOC038,9.93,16.9,1.01
LOC034,LOC039,2.79,6.2,1.74
LOC034,LOC040,17.12,27.7,1.8
LOC035,DEPOT,4.24,8.4,1.58
LOC035,LOC001,15.9,25.9,1.65
LOC035,LOC002,9.76,16.6,1.15
LOC035,LOC003,2.48,5.7,1.74
LOC035,LOC004,15.98,26.0,1.68
LOC035,LOC005,15.04,24.6,1.15
LOC035,LOC006,11.04,18.6,2.42
LOC035,LOC007,7.83,13.7,2.14
LOC035,LOC008,6.97,12.5,2.32
LOC035,LOC009,15.53,25.3,1.76
LOC035,LOC010,12.42,20.6,1.27
LOC035,LOC011,18.56,29.8,1.35
LOC035,LOC012,12.53,20.8,2.35
LOC035,LOC013,3.22,6.8,1.6
LOC035,LOC014,14.92,24.4,2.35
LOC035,LOC015,10.94,18.4,2.26
LOC035,LOC016,16.34,26.5,1.45
LOC035,LOC017,7.99,14.0,2.47
LOC035,LOC018,13.43,22.1,2.2
LOC035,LOC019,16.43,26.6,1.97
LOC035,LOC020,1.78,4.7,2.16
LOC035,LOC021,16.7,27.1,1.51
LOC035,LOC022,3.33,7.0,1.39
LOC035,LOC023,7.89,13.8,2.33
LOC035,LOC024,10.32,17.5,1.25
LOC035,LOC025,11.46,19.2,2.2
LOC035,LOC026,8.22,14.3,1.84
LOC035,LOC027,10.86,18.3,2.4
LOC035,LOC028,12.52,20.8,2.14
LOC035,LOC029,4.55,8.8,1.17
LOC035,LOC030,8.92,15.4,2.49
LOC035,LOC031,12.15,20.2,1.32
LOC035,LOC032,10.26,17.4,1.9
LOC035,LOC033,10.77,18.2,2.1
LOC035,LOC034,8.72,15.1,2.45
LOC035,LOC036,11.64,19.5,1.25
LOC035,LOC037,13.03,21.5,2.02
LOC035,LOC038,9.51,16.3,2.11
LOC035,LOC039,11.44,19.2,2.06
LOC035,LOC040,12.49,20.7,1.01
LOC036,DEPOT,13.35,22.0,1.72
LOC036,LOC001,25.62,40.4,1.99
LOC036,LOC002,11.65,19.5,1.52
LOC036,LOC003,11.64,19.5,1.07
LOC036,LOC004,13.09,21.6,2.17
LOC036,LOC005,22.49,35.7,1.46
LOC036,LOC006,12.72,21.1,2.14
LOC036,LOC007,19.0,30.5,1.19
LOC036,LOC008,14.74,24.1,1.95
LOC036,LOC009,16.34,26.5,1.27
LOC036,LOC010,8.66,15.0,2.27
LOC036,LOC011,28.35,44.5,1.6
LOC036,LOC012,12.46,20.7,2.0
LOC036,LOC013,11.59,19.4,2.46
LOC036,LOC014,15.9,25.9,1.12
LOC036,LOC015,22.1,35.2,2.13
LOC036,LOC016,23.9,37.9,1.22
LOC036,LOC017,7.43,13.1,2.11
LOC036,LOC018,10.76,18.1,1.98
LOC036,LOC019,26.0,41.0,1.35
LOC036,LOC020,11.11,18.7,1.33
LOC036,LOC021,27.09,42.6,1.55
LOC036,LOC022,12.58,20.9,1.04
LOC036,LOC023,19.31,31.0,1.4
LOC036,LOC024,2.96,6.4,1.74
LOC036,LOC025,2.38,5.6,2.36
LOC036,LOC026,17.5,28.2,2.09
LOC036,LOC027,7.39,13.1,1.72
LOC036,LOC028,17.68,28.5,1.16
LOC036,LOC029,11.1,18.7,1.18
LOC036,LOC030,6.22,11.3,2.21
LOC036,LOC031,4.06,8.1,2.23
LOC036,LOC032,17.3,28.0,2.16
LOC036,LOC033,21.88,34.8,1.04
LOC036,LOC034,20.35,32.5,1.71
LOC036,LOC035,11.64,19.5,2.1
LOC036,LOC037,12.16,20.2,1.06
LOC036,LOC038,17.58,28.4,1.86
LOC036,LOC039,23.08,36.6,2.16
LOC036,LOC040,14.14,23.2,1.25
LOC037,DEPOT,10.53,17.8,1.29
LOC037,LOC001,28.68,45.0,1.05
LOC037,LOC002,3.52,7.3,2.21
LOC037,LOC003,10.84,18.3,2.4
LOC037,LOC004,3.2,6.8,1.11
LOC037,LOC005,13.2,21.8,1.69
LOC037,LOC006,21.55,34.3,1.63
LOC037,LOC007,20.06,32.1,2.12
LOC037,LOC008,19.74,31.6,1.94
LOC037,LOC009,4.2,8.3,1.72
LOC037,LOC010,19.61,31.4,2.17
LOC037,LOC011,31.24,48.9,1.42
LOC037,LOC012,22.21,35.3,1.46
LOC037,LOC013,10.13,17.2,1.07
LOC037,LOC014,3.82,7.7,1.12
LOC037,LOC015,22.87,36.3,1.13
LOC037,LOC016,14.45,23.7,1.01
LOC037,LOC017,6.11,11.2,1.29
LOC037,LOC018,2.0,5.0,1.34
LOC037,LOC019,18.39,29.6,2.37
LOC037,LOC020,14.18,23.3,1.24
LOC037,LOC021,29.08,45.6,1.26
LOC037,LOC022,16.15,26.2,1.42
LOC037,LOC023,19.66,31.5,1.55
LOC037,LOC024,9.25,15.9,1.52
LOC037,LOC025,9.86,16.8,2.14
LOC037,LOC026,11.96,19.9,1.34
LOC037,LOC027,4.77,9.2,2.42
LOC037,LOC028,7.76,13.6,1.95
LOC037,LOC029,8.67,15.0,1.58
LOC037,LOC030,6.48,11.7,1.0
LOC037,LOC031,15.9,25.9,1.04
LOC037,LOC032,9.36,16.0,1.39
LOC037,LOC033,17.79,28.7,1.28
LOC037,LOC034,18.88,30.3,1.22
LOC037,LOC035,13.03,21.5,1.12
LOC037,LOC036,12.16,20.2,1.18
LOC037,LOC038,10.6,17.9,1.55
LOC037,LOC039,21.5,34.2,2.02
LOC037,LOC040,2.92,6.4,1.39
LOC038,DEPOT,5.33,10.0,1.91
LOC038,LOC001,21.3,34.0,1.52
LOC038,LOC002,7.65,13.5,1.93
LOC038,LOC003,7.42,13.1,1.92
LOC038,LOC004,13.63,22.4,1.89
LOC038,LOC005,5.55,10.3,1.87
LOC038,LOC006,20.55,32.8,1.63
LOC038,LOC007,12.7,21.1,1.59
LOC038,LOC008,15.78,25.7,1.08
LOC038,LOC009,10.22,17.3,2.23
LOC038,LOC010,21.38,34.1,1.4
LOC038,LOC011,23.49,37.2,2.3
LOC038,LOC012,22.01,35.0,2.49
LOC038,LOC013,6.94,12.4,1.07
LOC038,LOC014,9.73,16.6,1.09
LOC038,LOC015,14.7,24.1,2.24
LOC038,LOC016,6.89,12.3,1.97
LOC038,LOC017,10.46,17.7,2.0
LOC038,LOC018,12.26,20.4,2.45
LOC038,LOC019,8.52,14.8,1.31
LOC038,LOC020,11.29,18.9,2.26
LOC038,LOC021,20.93,33.4,1.65
LOC038,LOC022,12.48,20.7,1.45
LOC038,LOC023,11.85,19.8,1.94
LOC038,LOC024,15.0,24.5,1.67
LOC038,LOC025,16.14,26.2,1.21
LOC038,LOC026,2.07,5.1,1.49
LOC038,LOC027,12.29,20.4,2.33
LOC038,LOC028,4.56,8.8,2.35
LOC038,LOC029,6.71,12.1,1.68
LOC038,LOC030,11.88,19.8,1.73
LOC038,LOC031,19.79,31.7,2.05
LOC038,LOC032,1.55,4.3,1.74
LOC038,LOC033,7.51,13.3,2.25
LOC038,LOC034,9.93,16.9,2.4
LOC038,LOC035,9.51,16.3,1.8
LOC038,LOC036,17.58,28.4,1.92
LOC038,LOC037,10.6,17.9,2.07
LOC038,LOC039,12.04,20.1,2.37
LOC038,LOC040,8.1,14.2,1.8
LOC039,DEPOT,11.27,18.9,1.68
LOC039,LOC001,10.65,18.0,2.48
LOC039,LOC002,18.02,29.0,2.14
LOC039,LOC003,12.02,20.0,2.19
LOC039,LOC004,24.7,39.1,1.31
LOC039,LOC005,14.97,24.5,2.09
LOC039,LOC006,18.46,29.7,2.11
LOC039,LOC007,5.37,10.1,2.48
LOC039,LOC008,11.95,19.9,2.23
LOC039,LOC009,22.11,35.2,2.12
LOC039,LOC010,22.16,35.2,1.35
LOC039,LOC011,12.23,20.3,1.93
LOC039,LOC012,20.4,32.6,1.95
LOC039,LOC013,12.42,20.6,1.5
LOC039,LOC014,21.57,34.4,1.37
LOC039,LOC015,4.34,8.5,1.8
LOC039,LOC016,15.52,25.3,2.07
LOC039,LOC017,18.42,29.6,1.86
LOC039,LOC018,22.68,36.0,2.37
LOC039,LOC019,11.92,19.9,1.15
LOC039,LOC020,12.17,20.3,1.25
LOC039,LOC021,9.47,16.2,2.45
LOC039,LOC022,11.33,19.0,1.69
LOC039,LOC023,4.42,8.6,1.8
LOC039,LOC024,21.64,34.5,1.38
LOC039,LOC025,22.81,36.2,1.19
LOC039,LOC026,10.07,17.1,1.83
LOC039,LOC027,21.17,33.8,1.92
LOC039,LOC028,16.59,26.9,2.27
LOC039,LOC029,13.65,22.5,1.9
LOC039,LOC030,19.66,31.5,2.08
LOC039,LOC031,23.2,36.8,1.28
LOC039,LOC032,13.58,22.4,2.07
LOC039,LOC033,5.13,9.7,2.33
LOC039,LOC034,2.79,6.2,1.04
LOC039,LOC035,11.44,19.2,1.44
LOC039,LOC036,23.08,36.6,1.38
LOC039,LOC037,21.5,34.2,2.24
LOC039,LOC038,12.04,20.1,1.07
LOC039,LOC040,19.6,31.4,1.04
LOC040,DEPOT,9.22,15.8,2.18
LOC040,LOC001,27.55,43.3,2.01
LOC040,LOC002,2.99,6.5,1.82
LOC040,LOC003,10.08,17.1,2.05
LOC040,LOC004,5.6,10.4,1.62
LOC040,LOC005,10.29,17.4,1.67
LOC040,LOC006,22.1,35.2,2.13
LOC040,LOC007,18.8,30.2,1.71
LOC040,LOC008,19.43,31.1,1.67
LOC040,LOC009,3.04,6.6,1.41
LOC040,LOC010,20.85,33.3,1.81
LOC040,LOC011,30.02,47.0,2.05
LOC040,LOC012,23.0,36.5,1.01
LOC040,LOC013,9.33,16.0,1.83
LOC040,LOC014,2.44,5.7,1.87
LOC040,LOC015,21.42,34.1,2.07
LOC040,LOC016,11.53,19.3,2.16
LOC040,LOC017,7.17,12.8,1.98
LOC040,LOC018,4.91,9.4,2.07
LOC040,LOC019,15.56,25.3,1.8
LOC040,LOC020,13.9,22.9,2.45
LOC040,LOC021,27.71,43.6,1.31
LOC040,LOC022,15.78,25.7,1.17
LOC040,LOC023,18.26,29.4,1.59
LOC040,LOC024,11.18,18.8,2.11
LOC040,LOC025,11.98,20.0,2.16
LOC040,LOC026,9.7,16.5,1.53
LOC040,LOC027,6.9,12.4,2.23
LOC040,LOC028,4.85,9.3,1.78
LOC040,LOC029,7.94,13.9,2.46
LOC040,LOC030,8.02,14.0,1.32
LOC040,LOC031,17.6,28.4,2.11
LOC040,LOC032,6.73,12.1,1.42
LOC040,LOC033,15.52,25.3,2.4
LOC040,LOC034,17.12,27.7,1.71
LOC040,LOC035,12.49,20.7,1.77
LOC040,LOC036,14.14,23.2,1.11
LOC040,LOC037,2.92,6.4,2.46
LOC040,LOC038,8.1,14.2,2.41
LOC040,LOC039,19.6,31.4,1.87
